"RK",TIERS,"PLAYER NAME",TEAM,"POS","BYE WEEK","UPSIDE ","BUST ","SOS SEASON","ECR VS. ADP"
"1",1,"Ja'Marr Chase",CIN,"WR1","6","Coach Upside rating","Coach Bust rating","4 out of 5 stars","+2"
"2",1,"Puka Nacua",LAR,"WR2","11","Coach Upside rating","Coach Bust rating","1 out of 5 stars","+2"
"3",1,"Jahmyr Gibbs",DET,"RB1","6","Coach Upside rating","Coach Bust rating","5 out of 5 stars","-2"
"4",1,"Bijan Robinson",ATL,"RB2","11","Coach Upside rating","Coach Bust rating","2 out of 5 stars","-2"
"5",1,"Jaxon Smith-Njigba",SEA,"WR3","11","Coach Upside rating","Coach Bust rating","3 out of 5 stars","+1"
"6",1,"Amon-Ra St. Brown",DET,"WR4","6","Coach Upside rating","Coach Bust rating","4 out of 5 stars","+2"
"7",2,"CeeDee Lamb",DAL,"WR5","14","Coach Upside rating","Coach Bust rating","2 out of 5 stars","+6"
"8",2,"Christian McCaffrey",SF,"RB3","8","Coach Upside rating","Coach Bust rating","2 out of 5 stars","-3"
"9",2,"Justin Jefferson",MIN,"WR6","6","Coach Upside rating","Coach Bust rating","5 out of 5 stars","+3"
"10",2,"Jonathan Taylor",IND,"RB4","13","Coach Upside rating","Coach Bust rating","4 out of 5 stars","-3"
"11",2,"Drake London",ATL,"WR7","11","Coach Upside rating","Coach Bust rating","3 out of 5 stars","+6"
"12",3,"A.J. Brown",NE,"WR8","11","Coach Upside rating","Coach Bust rating","2 out of 5 stars","+8"
"13",3,"Nico Collins",HOU,"WR9","8","Coach Upside rating","Coach Bust rating","3 out of 5 stars","+13"
"14",3,"Ashton Jeanty",LV,"RB5","13","Coach Upside rating","Coach Bust rating","2 out of 5 stars","-3"
"15",3,"Chase Brown",CIN,"RB6","6","Coach Upside rating","Coach Bust rating","2 out of 5 stars","0"
"16",3,"George Pickens",DAL,"WR10","14","Coach Upside rating","Coach Bust rating","2 out of 5 stars","+9"
"17",3,"Trey McBride",ARI,"TE1","14","Coach Upside rating","Coach Bust rating","2 out of 5 stars","+2"
"18",3,"Rashee Rice",KC,"WR11","5","Coach Upside rating","Coach Bust rating","2 out of 5 stars","+6"
"19",3,"James Cook III",BUF,"RB7","7","Coach Upside rating","Coach Bust rating","2 out of 5 stars","-10"
"20",3,"Brock Bowers",LV,"TE2","13","Coach Upside rating","Coach Bust rating","3 out of 5 stars","+1"
"21",3,"De'Von Achane",MIA,"RB8","6","Coach Upside rating","Coach Bust rating","3 out of 5 stars","-11"
"22",3,"Chris Olave",NO,"WR12","8","Coach Upside rating","Coach Bust rating","3 out of 5 stars","+6"
"23",3,"DeVonta Smith",PHI,"WR13","10","Coach Upside rating","Coach Bust rating","4 out of 5 stars","+11"
"24",3,"Omarion Hampton",LAC,"RB9","7","Coach Upside rating","Coach Bust rating","3 out of 5 stars","-8"
"25",3,"Saquon Barkley",PHI,"RB10","10","Coach Upside rating","Coach Bust rating","4 out of 5 stars","-11"
"26",4,"Josh Allen",BUF,"QB1","7","Coach Upside rating","Coach Bust rating","3 out of 5 stars","+1"
"27",4,"Zay Flowers",BAL,"WR14","13","Coach Upside rating","Coach Bust rating","4 out of 5 stars","+13"
"28",4,"Garrett Wilson",NYJ,"WR15","13","Coach Upside rating","Coach Bust rating","4 out of 5 stars","+11"
"29",4,"Kenneth Walker III",KC,"RB11","5","Coach Upside rating","Coach Bust rating","3 out of 5 stars","-7"
"30",4,"Lamar Jackson",BAL,"QB2","13","Coach Upside rating","Coach Bust rating","3 out of 5 stars","+12"
"31",4,"Tetairoa McMillan",CAR,"WR16","5","Coach Upside rating","Coach Bust rating","2 out of 5 stars","+6"
"32",4,"Tee Higgins",CIN,"WR17","6","Coach Upside rating","Coach Bust rating","4 out of 5 stars","+9"
"33",4,"Malik Nabers",NYG,"WR18","8","Coach Upside rating","Coach Bust rating","4 out of 5 stars","0"
"34",4,"Ladd McConkey",LAC,"WR19","7","Coach Upside rating","Coach Bust rating","2 out of 5 stars","+12"
"35",4,"Colston Loveland",CHI,"TE3","10","Coach Upside rating","Coach Bust rating","2 out of 5 stars","+8"
"36",4,"Emeka Egbuka",TB,"WR20","10","Coach Upside rating","Coach Bust rating","4 out of 5 stars","+2"
"37",4,"Drake Maye",NE,"QB3","11","Coach Upside rating","Coach Bust rating","2 out of 5 stars","+15"
"38",4,"Jaylen Waddle",DEN,"WR21","10","Coach Upside rating","Coach Bust rating","2 out of 5 stars","+10"
"39",5,"Jeremiyah Love",ARI,"RB12","14","Coach Upside rating","Coach Bust rating","2 out of 5 stars","-16"
"40",5,"Derrick Henry",BAL,"RB13","13","Coach Upside rating","Coach Bust rating","3 out of 5 stars","-22"
"41",5,"Breece Hall",NYJ,"RB14","13","Coach Upside rating","Coach Bust rating","3 out of 5 stars","-10"
"42",5,"Kyren Williams",LAR,"RB15","11","Coach Upside rating","Coach Bust rating","5 out of 5 stars","-12"
"43",5,"Terry McLaurin",WAS,"WR22","7","Coach Upside rating","Coach Bust rating","2 out of 5 stars","+10"
"44",5,"Josh Jacobs",GB,"RB16","11","Coach Upside rating","Coach Bust rating","4 out of 5 stars","-15"
"45",5,"Joe Burrow",CIN,"QB4","6","Coach Upside rating","Coach Bust rating","3 out of 5 stars","+12"
"46",5,"Javonte Williams",DAL,"RB17","14","Coach Upside rating","Coach Bust rating","4 out of 5 stars","-14"
"47",5,"Luther Burden III",CHI,"WR23","10","Coach Upside rating","Coach Bust rating","3 out of 5 stars","0"
"48",5,"Davante Adams",LAR,"WR24","11","Coach Upside rating","Coach Bust rating","1 out of 5 stars","+2"
"49",5,"Mike Evans",SF,"WR25","8","Coach Upside rating","Coach Bust rating","2 out of 5 stars","+12"
"50",5,"Travis Etienne Jr.",NO,"RB18","8","Coach Upside rating","Coach Bust rating","3 out of 5 stars","-15"
"51",5,"Jayden Daniels",WAS,"QB5","7","Coach Upside rating","Coach Bust rating","2 out of 5 stars","+9"
"52",5,"Cam Skattebo",NYG,"RB19","8","Coach Upside rating","Coach Bust rating","4 out of 5 stars","-16"
"53",5,"Tyler Warren",IND,"TE4","13","Coach Upside rating","Coach Bust rating","3 out of 5 stars","-2"
"54",5,"DJ Moore",BUF,"WR26","7","Coach Upside rating","Coach Bust rating","4 out of 5 stars","+2"
"55",5,"Jameson Williams",DET,"WR27","6","Coach Upside rating","Coach Bust rating","4 out of 5 stars","+3"
"56",6,"Christian Watson",GB,"WR28","11","Coach Upside rating","Coach Bust rating","5 out of 5 stars","+12"
"57",6,"Rome Odunze",CHI,"WR29","10","Coach Upside rating","Coach Bust rating","3 out of 5 stars","+5"
"58",6,"Jalen Hurts",PHI,"QB6","10","Coach Upside rating","Coach Bust rating","5 out of 5 stars","+6"
"59",6,"Bucky Irving",TB,"RB20","10","Coach Upside rating","Coach Bust rating","2 out of 5 stars","-15"
"60",6,"Quinshon Judkins",CLE,"RB21","11","Coach Upside rating","Coach Bust rating","3 out of 5 stars","-15"
"61",6,"D'Andre Swift",CHI,"RB22","10","Coach Upside rating","Coach Bust rating","2 out of 5 stars","-6"
"62",6,"David Montgomery",HOU,"RB23","8","Coach Upside rating","Coach Bust rating","4 out of 5 stars","-8"
"63",6,"TreVeyon Henderson",NE,"RB24","11","Coach Upside rating","Coach Bust rating","2 out of 5 stars","-14"
"64",6,"Carnell Tate",TEN,"WR30","9","Coach Upside rating","Coach Bust rating","3 out of 5 stars","+2"
"65",6,"Caleb Williams",CHI,"QB7","10","Coach Upside rating","Coach Bust rating","3 out of 5 stars","+16"
"66",6,"Justin Herbert",LAC,"QB8","7","Coach Upside rating","Coach Bust rating","2 out of 5 stars","+21"
"67",6,"Marvin Harrison Jr.",ARI,"WR31","14","Coach Upside rating","Coach Bust rating","2 out of 5 stars","+2"
"68",6,"Bhayshul Tuten",JAC,"RB25","7","Coach Upside rating","Coach Bust rating","4 out of 5 stars","-9"
"69",6,"Harold Fannin Jr.",CLE,"TE5","11","Coach Upside rating","Coach Bust rating","3 out of 5 stars","-4"
"70",6,"Tucker Kraft",GB,"TE6","11","Coach Upside rating","Coach Bust rating","2 out of 5 stars","+6"
"71",6,"Jaylen Warren",PIT,"RB26","9","Coach Upside rating","Coach Bust rating","2 out of 5 stars","-1"
"72",6,"Trevor Lawrence",JAC,"QB9","7","Coach Upside rating","Coach Bust rating","4 out of 5 stars","+17"
"73",6,"Jadarian Price",SEA,"RB27","11","Coach Upside rating","Coach Bust rating","4 out of 5 stars","-10"
"74",7,"Brian Thomas Jr.",JAC,"WR32","7","Coach Upside rating","Coach Bust rating","4 out of 5 stars","-1"
"75",7,"DK Metcalf",PIT,"WR33","9","Coach Upside rating","Coach Bust rating","3 out of 5 stars","+2"
"76",7,"Chris Godwin Jr.",TB,"WR34","10","Coach Upside rating","Coach Bust rating","4 out of 5 stars","+20"
"77",7,"Dak Prescott",DAL,"QB10","14","Coach Upside rating","Coach Bust rating","2 out of 5 stars","+2"
"78",7,"Kyle Pitts Sr.",ATL,"TE7","11","Coach Upside rating","Coach Bust rating","3 out of 5 stars","-11"
"79",7,"Alec Pierce",IND,"WR35","13","Coach Upside rating","Coach Bust rating","4 out of 5 stars","-1"
"80",7,"Courtland Sutton",DEN,"WR36","10","Coach Upside rating","Coach Bust rating","2 out of 5 stars","-6"
"81",7,"Parker Washington",JAC,"WR37","7","Coach Upside rating","Coach Bust rating","4 out of 5 stars","+5"
"82",7,"Michael Pittman Jr.",PIT,"WR38","9","Coach Upside rating","Coach Bust rating","3 out of 5 stars","+15"
"83",7,"Rhamondre Stevenson",NE,"RB28","11","Coach Upside rating","Coach Bust rating","2 out of 5 stars","+1"
"84",7,"Tony Pollard",TEN,"RB29","9","Coach Upside rating","Coach Bust rating","3 out of 5 stars","-13"
"85",7,"Sam LaPorta",DET,"TE8","6","Coach Upside rating","Coach Bust rating","3 out of 5 stars","-13"
"86",7,"Chuba Hubbard",CAR,"RB30","5","Coach Upside rating","Coach Bust rating","1 out of 5 stars","-6"
"87",7,"Michael Wilson",ARI,"WR39","14","Coach Upside rating–No rating available","Coach Bust rating–No rating available","2 out of 5 stars","+1"
"88",7,"Rico Dowdle",PIT,"RB31","9","Coach Upside rating","Coach Bust rating","2 out of 5 stars","-6"
"89",7,"Wan'Dale Robinson",TEN,"WR40","9","Coach Upside rating","Coach Bust rating","3 out of 5 stars","+5"
"90",7,"Jordyn Tyson",NO,"WR41","8","Coach Upside rating","Coach Bust rating","3 out of 5 stars","-5"
"91",7,"Josh Downs",IND,"WR42","13","Coach Upside rating","Coach Bust rating","4 out of 5 stars","+25"
"92",7,"Jaxson Dart",NYG,"QB11","8","Coach Upside rating","Coach Bust rating","4 out of 5 stars","-9"
"93",7,"Brock Purdy",SF,"QB12","8","Coach Upside rating","Coach Bust rating","1 out of 5 stars","+6"
"94",7,"RJ Harvey",DEN,"RB32","10","Coach Upside rating","Coach Bust rating","2 out of 5 stars","-19"
"95",7,"Jakobi Meyers",JAC,"WR43","7","Coach Upside rating","Coach Bust rating","4 out of 5 stars","0"
"96",7,"Travis Kelce",KC,"TE9","5","Coach Upside rating","Coach Bust rating","4 out of 5 stars","+4"
"97",7,"Quentin Johnston",LAC,"WR44","7","Coach Upside rating","Coach Bust rating","2 out of 5 stars","+10"
"98",7,"Kenny Gainwell",TB,"RB33","10","Coach Upside rating","Coach Bust rating","2 out of 5 stars","+4"
"99",7,"Patrick Mahomes II",KC,"QB13","5","Coach Upside rating","Coach Bust rating","2 out of 5 stars","+2"
"100",7,"Makai Lemon",PHI,"WR45","10","Coach Upside rating","Coach Bust rating","4 out of 5 stars","-7"
"101",7,"Bo Nix",DEN,"QB14","10","Coach Upside rating","Coach Bust rating","3 out of 5 stars","+10"
"102",7,"J.K. Dobbins",DEN,"RB34","10","Coach Upside rating","Coach Bust rating","2 out of 5 stars","-12"
"103",7,"Kyle Monangai",CHI,"RB35","10","Coach Upside rating","Coach Bust rating","2 out of 5 stars","-12"
"104",8,"Matthew Stafford",LAR,"QB15","11","Coach Upside rating","Coach Bust rating","3 out of 5 stars","-6"
"105",8,"Jordan Addison",MIN,"WR46","6","Coach Upside rating","Coach Bust rating","5 out of 5 stars","+4"
"106",8,"George Kittle",SF,"TE10","8","Coach Upside rating","Coach Bust rating","3 out of 5 stars","-14"
"107",8,"Rachaad White",WAS,"RB36","7","Coach Upside rating","Coach Bust rating","4 out of 5 stars","-4"
"108",8,"Jared Goff",DET,"QB16","6","Coach Upside rating","Coach Bust rating","5 out of 5 stars","+11"
"109",8,"Blake Corum",LAR,"RB37","11","Coach Upside rating","Coach Bust rating","5 out of 5 stars","-5"
"110",8,"Jake Ferguson",DAL,"TE11","14","Coach Upside rating","Coach Bust rating","2 out of 5 stars","0"
"111",8,"Aaron Jones Sr.",MIN,"RB38","6","Coach Upside rating","Coach Bust rating","4 out of 5 stars","+1"
"112",8,"Jayden Reed",GB,"WR47","11","Coach Upside rating","Coach Bust rating","5 out of 5 stars","+5"
"113",8,"Kyler Murray",MIN,"QB17","6","Coach Upside rating","Coach Bust rating","5 out of 5 stars","+19"
"114",8,"Dalton Kincaid",BUF,"TE12","7","Coach Upside rating","Coach Bust rating","3 out of 5 stars","+8"
"115",8,"Baker Mayfield",TB,"QB18","10","Coach Upside rating","Coach Bust rating","2 out of 5 stars","+14"
"116",8,"Jordan Love",GB,"QB19","11","Coach Upside rating","Coach Bust rating","4 out of 5 stars","+19"
"117",8,"Dallas Goedert",PHI,"TE13","10","Coach Upside rating","Coach Bust rating","4 out of 5 stars","-3"
"118",8,"Jonathon Brooks",CAR,"RB39","5","Coach Upside rating","Coach Bust rating","1 out of 5 stars","-12"
"119",8,"Khalil Shakir",BUF,"WR48","7","Coach Upside rating","Coach Bust rating","4 out of 5 stars","+12"
"120",8,"Tyler Shough",NO,"QB20","8","Coach Upside rating","Coach Bust rating","3 out of 5 stars","+17"
"121",8,"Jayden Higgins",HOU,"WR49","8","Coach Upside rating","Coach Bust rating","3 out of 5 stars","+13"
"122",8,"Xavier Worthy",KC,"WR50","5","Coach Upside rating","Coach Bust rating","2 out of 5 stars","+5"
"123",8,"Isaiah Likely",NYG,"TE14","8","Coach Upside rating","Coach Bust rating","3 out of 5 stars","-15"
"124",8,"Jordan Mason",MIN,"RB40","6","Coach Upside rating","Coach Bust rating","4 out of 5 stars","-6"
"125",8,"Jacory Croskey-Merritt",WAS,"RB41","7","Coach Upside rating","Coach Bust rating","4 out of 5 stars","-10"
"126",8,"Mark Andrews",BAL,"TE15","13","Coach Upside rating","Coach Bust rating","4 out of 5 stars","-5"
"127",8,"Jalen Coker",CAR,"WR51","5","Coach Upside rating","Coach Bust rating","2 out of 5 stars","+12"
"128",8,"Romeo Doubs",NE,"WR52","11","Coach Upside rating","Coach Bust rating","2 out of 5 stars","-2"
"129",8,"Malik Willis",MIA,"QB21","6","Coach Upside rating","Coach Bust rating","3 out of 5 stars","+23"
"130",8,"KC Concepcion",CLE,"WR53","11","Coach Upside rating","Coach Bust rating","3 out of 5 stars","-2"
"131",8,"Tyrone Tracy Jr.",NYG,"RB42","8","Coach Upside rating","Coach Bust rating","4 out of 5 stars","+5"
"132",8,"Matthew Golden",GB,"WR54","11","Coach Upside rating","Coach Bust rating","5 out of 5 stars","-7"
"133",9,"Woody Marks",HOU,"RB43","8","Coach Upside rating","Coach Bust rating","4 out of 5 stars","0"
"134",9,"C.J. Stroud",HOU,"QB22","8","Coach Upside rating","Coach Bust rating","4 out of 5 stars","+37"
"135",9,"Sam Darnold",SEA,"QB23","11","Coach Upside rating","Coach Bust rating","4 out of 5 stars","+38"
"136",9,"Tyler Allgeier",ARI,"RB44","14","Coach Upside rating","Coach Bust rating","2 out of 5 stars","+18"
"137",9,"Tyjae Spears",TEN,"RB45","9","Coach Upside rating","Coach Bust rating","3 out of 5 stars","+14"
"138",9,"Chris Rodriguez Jr.",JAC,"RB46","7","Coach Upside rating","Coach Bust rating","4 out of 5 stars","+2"
"139",9,"Dylan Sampson",CLE,"RB47","11","Coach Upside rating","Coach Bust rating","3 out of 5 stars","+49"
"140",9,"Alvin Kamara",NO,"RB48","8","Coach Upside rating","Coach Bust rating","3 out of 5 stars","+1"
"141",9,"Rashid Shaheed",SEA,"WR55","11","Coach Upside rating","Coach Bust rating","3 out of 5 stars","+2"
"142",9,"Juwan Johnson",NO,"TE16","8","Coach Upside rating","Coach Bust rating","2 out of 5 stars","0"
"143",9,"Zach Charbonnet",SEA,"RB49","11","Coach Upside rating","Coach Bust rating","4 out of 5 stars","-13"
"144",9,"Cam Ward",TEN,"QB24","9","Coach Upside rating","Coach Bust rating","3 out of 5 stars","+53"
"145",9,"Chig Okonkwo",WAS,"TE17","7","Coach Upside rating","Coach Bust rating","1 out of 5 stars","+12"
"146",9,"Isiah Pacheco",DET,"RB50","6","Coach Upside rating","Coach Bust rating","5 out of 5 stars","+1"
"147",9,"Brenton Strange",JAC,"TE18","7","Coach Upside rating","Coach Bust rating","3 out of 5 stars","-2"
"148",9,"Jauan Jennings",MIN,"WR56","6","Coach Upside rating","Coach Bust rating","5 out of 5 stars","+20"
"149",9,"Jerry Jeudy",CLE,"WR57","11","Coach Upside rating","Coach Bust rating","3 out of 5 stars","+17"
"150",9,"Daniel Jones",IND,"QB25","13","Coach Upside rating","Coach Bust rating","4 out of 5 stars","+24"
"151",9,"Hunter Henry",NE,"TE19","11","Coach Upside rating","Coach Bust rating","4 out of 5 stars","-2"
"152",9,"Bryce Young",CAR,"QB26","5","Coach Upside rating","Coach Bust rating","2 out of 5 stars","+55"
"153",9,"Adonai Mitchell",NYJ,"WR58","13","Coach Upside rating","Coach Bust rating","4 out of 5 stars","+31"
"154",9,"Houston Texans",HOU,"DST1","8","Coach Upside rating–No rating available","Coach Bust rating–No rating available","2 out of 5 stars","-49"
"155",9,"Omar Cooper Jr.",NYJ,"WR59","13","Coach Upside rating","Coach Bust rating","4 out of 5 stars","+8"
"156",9,"Denzel Boston",CLE,"WR60","11","Coach Upside rating","Coach Bust rating","3 out of 5 stars","+5"
"157",9,"Oronde Gadsden II",LAC,"TE20","7","Coach Upside rating","Coach Bust rating","4 out of 5 stars","-1"
"158",9,"Jonah Coleman",DEN,"RB51","10","Coach Upside rating","Coach Bust rating","2 out of 5 stars","+23"
"159",9,"Brian Robinson Jr.",ATL,"RB52","11","Coach Upside rating","Coach Bust rating","2 out of 5 stars","0"
"160",9,"Keaton Mitchell",LAC,"RB53","7","Coach Upside rating","Coach Bust rating","3 out of 5 stars","+18"
"161",9,"Tank Bigsby",PHI,"RB54","10","Coach Upside rating","Coach Bust rating","4 out of 5 stars","+9"
"162",9,"Jalen McMillan",TB,"WR61","10","Coach Upside rating","Coach Bust rating","4 out of 5 stars","0"
"163",9,"Tre Tucker",LV,"WR62","13","Coach Upside rating","Coach Bust rating","2 out of 5 stars","+13"
"164",9,"Denver Broncos",DEN,"DST2","10","Coach Upside rating–No rating available","Coach Bust rating–No rating available","4 out of 5 stars","-51"
"165",9,"Dalton Schultz",HOU,"TE21","8","Coach Upside rating","Coach Bust rating","4 out of 5 stars","+2"
"166",9,"Travis Hunter",JAC,"WR63","7","Coach Upside rating","Coach Bust rating","4 out of 5 stars","+40"
"167",9,"Deebo Samuel Sr.",SF,"WR64","8","Coach Upside rating","Coach Bust rating","2 out of 5 stars","-14"
"168",10,"Seattle Seahawks",SEA,"DST3","11","Coach Upside rating–No rating available","Coach Bust rating–No rating available","2 out of 5 stars","-44"
"169",10,"Tre' Harris",LAC,"WR65","7","Coach Upside rating","Coach Bust rating","2 out of 5 stars","+55"
"170",10,"Los Angeles Rams",LAR,"DST4","11","Coach Upside rating–No rating available","Coach Bust rating–No rating available","2 out of 5 stars","-50"
"171",10,"Philadelphia Eagles",PHI,"DST5","10","Coach Upside rating–No rating available","Coach Bust rating–No rating available","0 out of 5 stars","-33"
"172",10,"Braelon Allen",NYJ,"RB55","13","Coach Upside rating","Coach Bust rating","3 out of 5 stars","+10"
"173",10,"Ryan Flournoy",DAL,"WR66","14","Coach Upside rating","Coach Bust rating","2 out of 5 stars","+84"
"174",10,"T.J. Hockenson",MIN,"TE22","6","Coach Upside rating","Coach Bust rating","4 out of 5 stars","+1"
"175",10,"Jacoby Brissett",ARI,"QB27","14","Coach Upside rating","Coach Bust rating","2 out of 5 stars","+61"
"176",10,"James Conner",ARI,"RB56","14","Coach Upside rating","Coach Bust rating","2 out of 5 stars","+7"
"177",10,"Stefon Diggs",FA,"WR67","-","Coach Upside rating","Coach Bust rating","-","-31"
"178",10,"Brandon Aubrey",DAL,"K1","14","Coach Upside rating","Coach Bust rating","2 out of 5 stars","-55"
"179",10,"Pittsburgh Steelers",PIT,"DST6","9","Coach Upside rating–No rating available","Coach Bust rating–No rating available","5 out of 5 stars","-14"
"180",10,"Minnesota Vikings",MIN,"DST7","6","Coach Upside rating–No rating available","Coach Bust rating–No rating available","1 out of 5 stars","-22"
"181",10,"Kayshon Boutte",NE,"WR68","11","Coach Upside rating","Coach Bust rating","2 out of 5 stars","+11"
"182",10,"Jacksonville Jaguars",JAC,"DST8","7","Coach Upside rating–No rating available","Coach Bust rating–No rating available","3 out of 5 stars","-10"
"183",10,"New England Patriots",NE,"DST9","11","Coach Upside rating–No rating available","Coach Bust rating–No rating available","3 out of 5 stars","-23"
"184",10,"Troy Franklin",DEN,"WR69","10","Coach Upside rating","Coach Bust rating","2 out of 5 stars","+69"
"185",10,"Kimani Vidal",LAC,"RB57","7","Coach Upside rating–No rating available","Coach Bust rating–No rating available","3 out of 5 stars","+17"
"186",10,"Calvin Ridley",TEN,"WR70","9","Coach Upside rating","Coach Bust rating","3 out of 5 stars","-6"
"187",10,"Los Angeles Chargers",LAC,"DST10","7","Coach Upside rating–No rating available","Coach Bust rating–No rating available","3 out of 5 stars","-8"
"188",10,"Ray Davis",BUF,"RB58","7","Coach Upside rating–No rating available","Coach Bust rating–No rating available","2 out of 5 stars","+41"
"189",10,"De'Zhaun Stribling",SF,"WR71","8","Coach Upside rating","Coach Bust rating","2 out of 5 stars","+5"
"190",10,"AJ Barner",SEA,"TE23","11","Coach Upside rating","Coach Bust rating","3 out of 5 stars","+6"
"191",10,"Jaylin Noel",HOU,"WR72","8","Coach Upside rating","Coach Bust rating","3 out of 5 stars","+88"
"192",10,"Cameron Dicker",LAC,"K2","7","Coach Upside rating","Coach Bust rating","2 out of 5 stars","-37"
"193",10,"Ka'imi Fairbairn",HOU,"K3","8","Coach Upside rating","Coach Bust rating","2 out of 5 stars","-43"
"194",10,"Jalen Nailor",LV,"WR73","13","Coach Upside rating–No rating available","Coach Bust rating–No rating available","2 out of 5 stars","-25"
"195",10,"Dontayvion Wicks",PHI,"WR74","10","Coach Upside rating–No rating available","Coach Bust rating–No rating available","4 out of 5 stars","+120"
"196",10,"Cam Little",JAC,"K4","7","Coach Upside rating–No rating available","Coach Bust rating–No rating available","4 out of 5 stars","-32"
"197",10,"Emmett Johnson",KC,"RB59","5","Coach Upside rating","Coach Bust rating","3 out of 5 stars","+4"
"198",10,"Jason Myers",SEA,"K5","11","Coach Upside rating–No rating available","Coach Bust rating–No rating available","4 out of 5 stars","-54"
"199",10,"Darnell Mooney",NYG,"WR75","8","Coach Upside rating","Coach Bust rating","4 out of 5 stars","+11"
"200",10,"Kenyon Sadiq",NYJ,"TE24","13","Coach Upside rating","Coach Bust rating","4 out of 5 stars","-52"
"201",10,"Baltimore Ravens",BAL,"DST11","13","Coach Upside rating–No rating available","Coach Bust rating–No rating available","5 out of 5 stars","-11"
"202",10,"Sean Tucker",TB,"RB60","10","Coach Upside rating","Coach Bust rating","2 out of 5 stars","+30"
"203",10,"Malik Washington",MIA,"WR76","6","Coach Upside rating","Coach Bust rating","3 out of 5 stars","+44"
"204",10,"Isaac TeSlaa",DET,"WR77","6","Coach Upside rating","Coach Bust rating","4 out of 5 stars","+27"
"205",10,"Gunnar Helm",TEN,"TE25","9","Coach Upside rating","Coach Bust rating","3 out of 5 stars","+29"
"206",10,"Emanuel Wilson",SEA,"RB61","11","Coach Upside rating","Coach Bust rating","4 out of 5 stars","-7"
"207",10,"Green Bay Packers",GB,"DST12","11","Coach Upside rating–No rating available","Coach Bust rating–No rating available","2 out of 5 stars","-3"
"208",10,"Eddy Pineiro",SF,"K6","8","Coach Upside rating–No rating available","Coach Bust rating–No rating available","5 out of 5 stars","-22"
"209",10,"Pat Bryant",DEN,"WR78","10","Coach Upside rating–No rating available","Coach Bust rating–No rating available","2 out of 5 stars","+86"
"210",10,"Antonio Williams",WAS,"WR79","7","Coach Upside rating–No rating available","Coach Bust rating–No rating available","2 out of 5 stars","-10"
"211",10,"Tyler Loop",BAL,"K7","13","Coach Upside rating–No rating available","Coach Bust rating–No rating available","3 out of 5 stars","-6"
"212",10,"Kansas City Chiefs",KC,"DST13","5","Coach Upside rating–No rating available","Coach Bust rating–No rating available","3 out of 5 stars","-4"
"213",11,"Nicholas Singleton",TEN,"RB62","9","Coach Upside rating","Coach Bust rating","3 out of 5 stars","-2"
"214",11,"Cairo Santos",CHI,"K8","10","Coach Upside rating–No rating available","Coach Bust rating–No rating available","0 out of 5 stars","-19"
"215",11,"Geno Smith",NYJ,"QB28","13","Coach Upside rating–No rating available","Coach Bust rating–No rating available","4 out of 5 stars","+129"
"216",11,"Detroit Lions",DET,"DST14","6","Coach Upside rating–No rating available","Coach Bust rating–No rating available","5 out of 5 stars","-18"
"217",11,"Rashod Bateman",BAL,"WR80","13","Coach Upside rating–No rating available","Coach Bust rating–No rating available","4 out of 5 stars","+72"
"218",11,"Aaron Rodgers",PIT,"QB29","9","Coach Upside rating–No rating available","Coach Bust rating–No rating available","2 out of 5 stars","+20"
"219",11,"Mike Washington Jr.",LV,"RB63","13","Coach Upside rating","Coach Bust rating","2 out of 5 stars","+21"
"220",11,"Evan McPherson",CIN,"K9","6","Coach Upside rating–No rating available","Coach Bust rating–No rating available","2 out of 5 stars","-2"
"221",11,"Jake Bates",DET,"K10","6","Coach Upside rating–No rating available","Coach Bust rating–No rating available","5 out of 5 stars","-34"
"222",11,"Cooper Kupp",SEA,"WR81","11","Coach Upside rating–No rating available","Coach Bust rating–No rating available","3 out of 5 stars","+21"
"223",11,"Andy Borregales",NE,"K11","11","Coach Upside rating–No rating available","Coach Bust rating–No rating available","1 out of 5 stars","+7"
"224",11,"Tank Dell",HOU,"WR82","8","Coach Upside rating","Coach Bust rating","3 out of 5 stars","-35"
"225",11,"Buffalo Bills",BUF,"DST15","7","Coach Upside rating–No rating available","Coach Bust rating–No rating available","3 out of 5 stars","-8"
"226",11,"Kaytron Allen",WAS,"RB64","7","Coach Upside rating","Coach Bust rating","4 out of 5 stars","+16"
"227",11,"Cleveland Browns",CLE,"DST16","11","Coach Upside rating–No rating available","Coach Bust rating–No rating available","5 out of 5 stars","-13"
"228",11,"Chase McLaughlin",TB,"K12","10","Coach Upside rating–No rating available","Coach Bust rating–No rating available","3 out of 5 stars","+16"
"229",11,"Pat Freiermuth",PIT,"TE26","9","Coach Upside rating","Coach Bust rating","2 out of 5 stars","-7"
"230",11,"MarShawn Lloyd",GB,"RB65","11","Coach Upside rating–No rating available","Coach Bust rating–No rating available","4 out of 5 stars","+35"
"231",11,"Chimere Dike",TEN,"WR83","9","Coach Upside rating","Coach Bust rating","3 out of 5 stars","+72"
"232",11,"Cade Otton",TB,"TE27","10","Coach Upside rating–No rating available","Coach Bust rating–No rating available","2 out of 5 stars","-29"
"233",11,"Harrison Mevis",LAR,"K13","11","Coach Upside rating–No rating available","Coach Bust rating–No rating available","2 out of 5 stars","-56"
"234",11,"Zachariah Branch",ATL,"WR84","11","Coach Upside rating–No rating available","Coach Bust rating–No rating available","3 out of 5 stars","-1"
"235",11,"Jaylen Wright",MIA,"RB66","6","Coach Upside rating–No rating available","Coach Bust rating–No rating available","3 out of 5 stars","+15"
"236",11,"Terrance Ferguson",LAR,"TE28","11","Coach Upside rating","Coach Bust rating","4 out of 5 stars","-13"
"237",11,"Germie Bernard",PIT,"WR85","9","Coach Upside rating–No rating available","Coach Bust rating–No rating available","3 out of 5 stars","+35"
"238",11,"Ted Hurst III",TB,"WR86","10","Coach Upside rating–No rating available","Coach Bust rating–No rating available","4 out of 5 stars","+35"
"239",11,"Jaydon Blue",DAL,"RB67","14","Coach Upside rating–No rating available","Coach Bust rating–No rating available","4 out of 5 stars","+13"
"240",11,"Ollie Gordon II",MIA,"RB68","6","Coach Upside rating–No rating available","Coach Bust rating–No rating available","3 out of 5 stars","+129"
"241",11,"Jack Bech",LV,"WR87","13","Coach Upside rating–No rating available","Coach Bust rating–No rating available","2 out of 5 stars","+4"
"242",11,"Harrison Butker",KC,"K14","5","Coach Upside rating–No rating available","Coach Bust rating–No rating available","5 out of 5 stars","-51"
"243",11,"David Njoku",LAC,"TE29","7","Coach Upside rating","Coach Bust rating","4 out of 5 stars","-28"
"244",11,"Chris Boswell",PIT,"K15","9","Coach Upside rating–No rating available","Coach Bust rating–No rating available","4 out of 5 stars","-24"
"245",11,"Evan Engram",DEN,"TE30","10","Coach Upside rating–No rating available","Coach Bust rating–No rating available","4 out of 5 stars","+33"
"246",11,"Keon Coleman",BUF,"WR88","7","Coach Upside rating–No rating available","Coach Bust rating–No rating available","4 out of 5 stars","+50"
"247",11,"Elic Ayomanor",TEN,"WR89","9","Coach Upside rating–No rating available","Coach Bust rating–No rating available","3 out of 5 stars","+24"
"248",11,"Justice Hill",BAL,"RB69","13","Coach Upside rating–No rating available","Coach Bust rating–No rating available","3 out of 5 stars","-21"
"249",11,"Brandon Aiyuk",SF,"WR90","8","Coach Upside rating","Coach Bust rating","2 out of 5 stars","-37"
"250",11,"Colby Parkinson",LAR,"TE31","11","Coach Upside rating–No rating available","Coach Bust rating–No rating available","4 out of 5 stars","+5"
"251",11,"Fernando Mendoza",LV,"QB30","13","Coach Upside rating–No rating available","Coach Bust rating–No rating available","1 out of 5 stars","-42"
"252",11,"Greg Dulcich",MIA,"TE32","6","Coach Upside rating–No rating available","Coach Bust rating–No rating available","5 out of 5 stars","-27"
"253",11,"Tua Tagovailoa",ATL,"QB31","11","Coach Upside rating–No rating available","Coach Bust rating–No rating available","4 out of 5 stars","+34"
"254",11,"Isaiah Davis",NYJ,"RB70","13","Coach Upside rating–No rating available","Coach Bust rating–No rating available","3 out of 5 stars","+134"
"255",11,"George Holani",SEA,"RB71","11","Coach Upside rating–No rating available","Coach Bust rating–No rating available","4 out of 5 stars","+14"
"256",11,"Tory Horton",SEA,"WR91","11","Coach Upside rating–No rating available","Coach Bust rating–No rating available","3 out of 5 stars","+38"
"257",12,"Chris Bell",MIA,"WR92","6","Coach Upside rating–No rating available","Coach Bust rating–No rating available","3 out of 5 stars","+2"
"258",12,"Wil Lutz",DEN,"K16","10","Coach Upside rating–No rating available","Coach Bust rating–No rating available","1 out of 5 stars","+46"
"259",12,"Demond Claiborne",MIN,"RB72","6","Coach Upside rating–No rating available","Coach Bust rating–No rating available","4 out of 5 stars","-24"
"260",12,"Malachi Fields",NYG,"WR93","8","Coach Upside rating–No rating available","Coach Bust rating–No rating available","4 out of 5 stars","-23"
"261",12,"Elijah Sarratt",BAL,"WR94","13","Coach Upside rating–No rating available","Coach Bust rating–No rating available","4 out of 5 stars","+76"
"262",12,"Ty Johnson",BUF,"RB73","7","Coach Upside rating–No rating available","Coach Bust rating–No rating available","2 out of 5 stars","+14"
"263",12,"Eli Stowers",PHI,"TE33","10","Coach Upside rating–No rating available","Coach Bust rating–No rating available","4 out of 5 stars","-22"
"264",12,"Christian Kirk",SF,"WR95","8","Coach Upside rating–No rating available","Coach Bust rating–No rating available","2 out of 5 stars","-13"
"265",12,"DJ Giddens",IND,"RB74","13","Coach Upside rating–No rating available","Coach Bust rating–No rating available","4 out of 5 stars","+17"
"266",12,"Tyquan Thornton",KC,"WR96","5","Coach Upside rating–No rating available","Coach Bust rating–No rating available","2 out of 5 stars","+147"
"267",12,"Trey Benson",ARI,"RB75","14","Coach Upside rating–No rating available","Coach Bust rating–No rating available","2 out of 5 stars","+8"
"268",12,"Darius Slayton",NYG,"WR97","8","Coach Upside rating–No rating available","Coach Bust rating–No rating available","4 out of 5 stars","+130"
"269",12,"Jordan James",SF,"RB76","8","Coach Upside rating–No rating available","Coach Bust rating–No rating available","2 out of 5 stars","-43"
"270",12,"Theo Johnson",NYG,"TE34","8","Coach Upside rating–No rating available","Coach Bust rating–No rating available","3 out of 5 stars","+65"
"271",12,"Mason Taylor",NYJ,"TE35","13","Coach Upside rating–No rating available","Coach Bust rating–No rating available","4 out of 5 stars","-15"
"272",12,"Chris Brooks",GB,"RB77","11","Coach Upside rating–No rating available","Coach Bust rating–No rating available","4 out of 5 stars","+94"
"273",12,"Xavier Legette",CAR,"WR98","5","Coach Upside rating–No rating available","Coach Bust rating–No rating available","2 out of 5 stars","+117"
"274",12,"San Francisco 49ers",SF,"DST17","8","Coach Upside rating–No rating available","Coach Bust rating–No rating available","3 out of 5 stars","-61"
"275",12,"Devin Neal",NO,"RB78","8","Coach Upside rating–No rating available","Coach Bust rating–No rating available","3 out of 5 stars","+25"
"276",12,"Atlanta Falcons",ATL,"DST18","11","Coach Upside rating–No rating available","Coach Bust rating–No rating available","4 out of 5 stars","-48"
"277",12,"Marvin Mims Jr.",DEN,"WR99","10","Coach Upside rating–No rating available","Coach Bust rating–No rating available","2 out of 5 stars","+11"
"278",12,"LeQuint Allen Jr.",JAC,"RB79","7","Coach Upside rating–No rating available","Coach Bust rating–No rating available","4 out of 5 stars","+80"
"279",12,"Samaje Perine",CIN,"RB80","6","Coach Upside rating–No rating available","Coach Bust rating–No rating available","2 out of 5 stars","+83"
"280",12,"Will Reichard",MIN,"K17","6","Coach Upside rating–No rating available","Coach Bust rating–No rating available","2 out of 5 stars","-87"
"281",12,"Devaughn Vele",NO,"WR100","8","Coach Upside rating–No rating available","Coach Bust rating–No rating available","3 out of 5 stars","+37"
"282",12,"Michael Penix Jr.",ATL,"QB32","11","Coach Upside rating–No rating available","Coach Bust rating–No rating available","4 out of 5 stars","+9"
"283",12,"Malik Davis",DAL,"RB81","14","Coach Upside rating–No rating available","Coach Bust rating–No rating available","4 out of 5 stars","+101"
"284",12,"Deshaun Watson",CLE,"QB33","11","Coach Upside rating–No rating available","Coach Bust rating–No rating available","4 out of 5 stars","+89"
"285",12,"Oscar Delp",NO,"TE36","8","Coach Upside rating–No rating available","Coach Bust rating–No rating available","2 out of 5 stars","+164"
"286",12,"Tyreek Hill",FA,"WR101","-","Coach Upside rating–No rating available","Coach Bust rating–No rating available","-","-101"
"287",12,"Kendre Miller",NO,"RB82","8","Coach Upside rating–No rating available","Coach Bust rating–No rating available","3 out of 5 stars","+56"
"288",12,"Kirk Cousins",LV,"QB34","13","Coach Upside rating–No rating available","Coach Bust rating–No rating available","1 out of 5 stars","+37"
"289",12,"Kaleb Johnson",PIT,"RB83","9","Coach Upside rating–No rating available","Coach Bust rating–No rating available","2 out of 5 stars","-26"
"290",12,"Kaelon Black",SF,"RB84","8","Coach Upside rating–No rating available","Coach Bust rating–No rating available","2 out of 5 stars","-44"
"291",12,"Hollywood Brown",PHI,"WR102","10","Coach Upside rating–No rating available","Coach Bust rating–No rating available","4 out of 5 stars","+22"
"292",12,"Keenan Allen",LAC,"WR103","7","Coach Upside rating–No rating available","Coach Bust rating–No rating available","2 out of 5 stars","-34"
"293",12,"Emari Demercado",KC,"RB85","5","Coach Upside rating–No rating available","Coach Bust rating–No rating available","3 out of 5 stars","+40"
"294",12,"Shedeur Sanders",CLE,"QB35","11","Coach Upside rating–No rating available","Coach Bust rating–No rating available","4 out of 5 stars","-46"
"295",12,"Mack Hollins",NE,"WR104","11","Coach Upside rating–No rating available","Coach Bust rating–No rating available","2 out of 5 stars","+53"
"296",12,"Devin Singletary",NYG,"RB86","8","Coach Upside rating–No rating available","Coach Bust rating–No rating available","4 out of 5 stars","+5"
"297",12,"Kyle Williams",NE,"WR105","11","Coach Upside rating–No rating available","Coach Bust rating–No rating available","2 out of 5 stars","-29"
"298",12,"Brashard Smith",KC,"RB87","5","Coach Upside rating–No rating available","Coach Bust rating–No rating available","3 out of 5 stars","+4"
"299",12,"Mike Gesicki",CIN,"TE37","6","Coach Upside rating–No rating available","Coach Bust rating–No rating available","3 out of 5 stars","+39"
"300",12,"Jerome Ford",WAS,"RB88","7","Coach Upside rating–No rating available","Coach Bust rating–No rating available","4 out of 5 stars","+112"
"301",12,"New Orleans Saints",NO,"DST19","8","Coach Upside rating–No rating available","Coach Bust rating–No rating available","5 out of 5 stars","+6"
"302",12,"Adam Randall",BAL,"RB89","13","Coach Upside rating–No rating available","Coach Bust rating–No rating available","3 out of 5 stars","-"
"303",12,"Najee Harris",LAC,"RB90","7","Coach Upside rating–No rating available","Coach Bust rating–No rating available","3 out of 5 stars","-17"
"304",12,"Skyler Bell",BUF,"WR106","7","Coach Upside rating–No rating available","Coach Bust rating–No rating available","4 out of 5 stars","-6"
"305",12,"Isaiah Bond",CLE,"WR107","11","Coach Upside rating–No rating available","Coach Bust rating–No rating available","3 out of 5 stars","+104"
"306",12,"Chris Brazzell II",CAR,"WR108","5","Coach Upside rating–No rating available","Coach Bust rating–No rating available","2 out of 5 stars","+44"
"307",12,"Tahj Brooks",CIN,"RB91","6","Coach Upside rating–No rating available","Coach Bust rating–No rating available","2 out of 5 stars","-"
"308",12,"Seth McGowan",IND,"RB92","13","Coach Upside rating–No rating available","Coach Bust rating–No rating available","4 out of 5 stars","-"
"309",12,"Charlie Smyth",NO,"K18","8","Coach Upside rating–No rating available","Coach Bust rating–No rating available","5 out of 5 stars","+11"
"310",12,"Trevor Etienne",CAR,"RB93","5","Coach Upside rating–No rating available","Coach Bust rating–No rating available","1 out of 5 stars","-"
"311",12,"Jaleel McLaughlin",DEN,"RB94","10","Coach Upside rating–No rating available","Coach Bust rating–No rating available","2 out of 5 stars","+109"
"312",12,"Isaac Guerendo",SF,"RB95","8","Coach Upside rating–No rating available","Coach Bust rating–No rating available","2 out of 5 stars","+104"
"313",12,"Ja'Kobi Lane",BAL,"WR109","13","Coach Upside rating–No rating available","Coach Bust rating–No rating available","4 out of 5 stars","-74"
"314",12,"Jake Tonges",SF,"TE38","8","Coach Upside rating–No rating available","Coach Bust rating–No rating available","3 out of 5 stars","-50"
"315",12,"Indianapolis Colts",IND,"DST20","13","Coach Upside rating–No rating available","Coach Bust rating–No rating available","5 out of 5 stars","-45"
"316",12,"Jarquez Hunter",LAR,"RB96","11","Coach Upside rating–No rating available","Coach Bust rating–No rating available","5 out of 5 stars","+37"
"317",13,"Chicago Bears",CHI,"DST21","10","Coach Upside rating–No rating available","Coach Bust rating–No rating available","2 out of 5 stars","-96"
"318",13,"Andrei Iosivas",CIN,"WR110","6","Coach Upside rating–No rating available","Coach Bust rating–No rating available","4 out of 5 stars","+61"
"319",13,"Audric Estime",NO,"RB97","8","Coach Upside rating–No rating available","Coach Bust rating–No rating available","3 out of 5 stars","+48"
"320",13,"Darnell Washington",PIT,"TE39","9","Coach Upside rating–No rating available","Coach Bust rating–No rating available","2 out of 5 stars","-15"
"321",13,"Will Shipley",PHI,"RB98","10","Coach Upside rating–No rating available","Coach Bust rating–No rating available","4 out of 5 stars","-"
"322",13,"Joe Mixon",FA,"RB99","-","Coach Upside rating–No rating available","Coach Bust rating–No rating available","-","-3"
"323",13,"Kareem Hunt",FA,"RB100","-","Coach Upside rating–No rating available","Coach Bust rating–No rating available","-","+129"
"324",13,"Cedric Tillman",CLE,"WR111","11","Coach Upside rating–No rating available","Coach Bust rating–No rating available","3 out of 5 stars","+71"
"325",13,"J.J. McCarthy",MIN,"QB36","6","Coach Upside rating–No rating available","Coach Bust rating–No rating available","5 out of 5 stars","-65"
"326",13,"Konata Mumpfield",LAR,"WR112","11","Coach Upside rating–No rating available","Coach Bust rating–No rating available","1 out of 5 stars","+92"
"327",13,"Jalen Royals",KC,"WR113","5","Coach Upside rating–No rating available","Coach Bust rating–No rating available","2 out of 5 stars","+95"
"328",13,"Luke McCaffrey",WAS,"WR114","7","Coach Upside rating–No rating available","Coach Bust rating–No rating available","2 out of 5 stars","+212"
"329",13,"Tez Johnson",TB,"WR115","10","Coach Upside rating–No rating available","Coach Bust rating–No rating available","4 out of 5 stars","+30"
"330",13,"Caleb Douglas",MIA,"WR116","6","Coach Upside rating–No rating available","Coach Bust rating–No rating available","3 out of 5 stars","-"
"331",13,"Jalen Tolbert",MIA,"WR117","6","Coach Upside rating–No rating available","Coach Bust rating–No rating available","3 out of 5 stars","-39"
"332",13,"Carolina Panthers",CAR,"DST22","5","Coach Upside rating–No rating available","Coach Bust rating–No rating available","3 out of 5 stars","-70"
"333",13,"Elijah Arroyo",SEA,"TE40","11","Coach Upside rating–No rating available","Coach Bust rating–No rating available","3 out of 5 stars","-7"
"334",13,"Tyler Higbee",LAR,"TE41","11","Coach Upside rating–No rating available","Coach Bust rating–No rating available","4 out of 5 stars","+21"
"335",13,"Jahan Dotson",ATL,"WR118","11","Coach Upside rating–No rating available","Coach Bust rating–No rating available","3 out of 5 stars","-55"
"336",13,"Max Klare",LAR,"TE42","11","Coach Upside rating–No rating available","Coach Bust rating–No rating available","4 out of 5 stars","+46"
"337",13,"Olamide Zaccheaus",ATL,"WR119","11","Coach Upside rating–No rating available","Coach Bust rating–No rating available","3 out of 5 stars","+68"
"338",13,"Calvin Austin III",NYG,"WR120","8","Coach Upside rating–No rating available","Coach Bust rating–No rating available","4 out of 5 stars","+48"
"339",13,"Bam Knight",ARI,"RB101","14","Coach Upside rating–No rating available","Coach Bust rating–No rating available","2 out of 5 stars","-"
"340",13,"Michael Mayer",LV,"TE43","13","Coach Upside rating–No rating available","Coach Bust rating–No rating available","3 out of 5 stars","+84"
"341",13,"Ja'Tavion Sanders",CAR,"TE44","5","Coach Upside rating–No rating available","Coach Bust rating–No rating available","2 out of 5 stars","+109"
"342",13,"Noah Gray",KC,"TE45","5","Coach Upside rating–No rating available","Coach Bust rating–No rating available","4 out of 5 stars","+112"
"343",13,"Jake Elliott",PHI,"K19","10","Coach Upside rating–No rating available","Coach Bust rating–No rating available","5 out of 5 stars","-89"
"344",13,"Joshua Palmer",BUF,"WR121","7","Coach Upside rating–No rating available","Coach Bust rating–No rating available","4 out of 5 stars","-22"
"345",13,"DeMario Douglas",NE,"WR122","11","Coach Upside rating–No rating available","Coach Bust rating–No rating available","2 out of 5 stars","-4"
"346",13,"Cole Kmet",CHI,"TE46","10","Coach Upside rating–No rating available","Coach Bust rating–No rating available","2 out of 5 stars","-40"
"347",13,"Mac Jones",SF,"QB37","8","Coach Upside rating–No rating available","Coach Bust rating–No rating available","1 out of 5 stars","-23"
"348",13,"Treylon Burks",WAS,"WR123","7","Coach Upside rating–No rating available","Coach Bust rating–No rating available","2 out of 5 stars","-"
"349",13,"Eli Heidenreich",PIT,"RB102","9","Coach Upside rating–No rating available","Coach Bust rating–No rating available","2 out of 5 stars","+91"
"350",13,"Kendrick Bourne",ARI,"WR124","14","Coach Upside rating–No rating available","Coach Bust rating–No rating available","2 out of 5 stars","+60"
"351",13,"Michael Carter",TEN,"RB103","9","Coach Upside rating–No rating available","Coach Bust rating–No rating available","3 out of 5 stars","-"
"352",13,"New York Giants",NYG,"DST23","8","Coach Upside rating–No rating available","Coach Bust rating–No rating available","1 out of 5 stars","-136"
"353",13,"Dawson Knox",BUF,"TE47","7","Coach Upside rating–No rating available","Coach Bust rating–No rating available","3 out of 5 stars","-37"
"354",13,"Dallas Cowboys",DAL,"DST24","14","Coach Upside rating–No rating available","Coach Bust rating–No rating available","1 out of 5 stars","-135"
"355",13,"Jawhar Jordan",HOU,"RB104","8","Coach Upside rating–No rating available","Coach Bust rating–No rating available","4 out of 5 stars","-"
"356",13,"Justin Fields",KC,"QB38","5","Coach Upside rating–No rating available","Coach Bust rating–No rating available","2 out of 5 stars","-42"
"357",13,"Dont'e Thornton Jr.",LV,"WR125","13","Coach Upside rating–No rating available","Coach Bust rating–No rating available","2 out of 5 stars","+101"
"358",13,"Carson Beck",ARI,"QB39","14","Coach Upside rating–No rating available","Coach Bust rating–No rating available","2 out of 5 stars","-18"
"359",13,"Nick Chubb",FA,"RB105","-","Coach Upside rating–No rating available","Coach Bust rating–No rating available","-","+85"
"360",13,"Raheim Sanders",CLE,"RB106","11","Coach Upside rating–No rating available","Coach Bust rating–No rating available","3 out of 5 stars","+42"
"361",13,"Tyler Bass",BUF,"K20","7","Coach Upside rating–No rating available","Coach Bust rating–No rating available","2 out of 5 stars","-100"
"362",13,"Anthony Richardson Sr.",IND,"QB40","13","Coach Upside rating–No rating available","Coach Bust rating–No rating available","4 out of 5 stars","+127"
"363",13,"J'Mari Taylor",JAC,"RB107","7","Coach Upside rating–No rating available","Coach Bust rating–No rating available","4 out of 5 stars","-"
"364",14,"Justin Joly",DEN,"TE48","10","Coach Upside rating–No rating available","Coach Bust rating–No rating available","4 out of 5 stars","+131"
"365",14,"Zane Gonzalez",MIA,"K21","6","Coach Upside rating–No rating available","Coach Bust rating–No rating available","2 out of 5 stars","+15"
"366",14,"Erick All Jr.",CIN,"TE49","6","Coach Upside rating–No rating available","Coach Bust rating–No rating available","3 out of 5 stars","+91"
"367",14,"Tampa Bay Buccaneers",TB,"DST25","10","Coach Upside rating–No rating available","Coach Bust rating–No rating available","4 out of 5 stars","-118"
"368",14,"Xavier Hutchinson",HOU,"WR126","8","Coach Upside rating–No rating available","Coach Bust rating–No rating available","3 out of 5 stars","+35"
"369",14,"John Metchie III",CAR,"WR127","5","Coach Upside rating–No rating available","Coach Bust rating–No rating available","2 out of 5 stars","-70"
"370",14,"Bryce Lance",NO,"WR128","8","Coach Upside rating–No rating available","Coach Bust rating–No rating available","3 out of 5 stars","+45"
"371",14,"Ty Simpson",LAR,"QB41","11","Coach Upside rating–No rating available","Coach Bust rating–No rating available","3 out of 5 stars","-74"
"372",14,"Brenen Thompson",LAC,"WR129","7","Coach Upside rating–No rating available","Coach Bust rating–No rating available","2 out of 5 stars","-8"
"373",14,"Noah Fant",NO,"TE50","8","Coach Upside rating–No rating available","Coach Bust rating–No rating available","2 out of 5 stars","-"
"374",14,"Cyrus Allen",KC,"WR130","5","Coach Upside rating–No rating available","Coach Bust rating–No rating available","2 out of 5 stars","-57"
"375",14,"Eli Raridon",NE,"TE51","11","Coach Upside rating–No rating available","Coach Bust rating–No rating available","4 out of 5 stars","-26"
"376",14,"Tutu Atwell",MIA,"WR131","6","Coach Upside rating–No rating available","Coach Bust rating–No rating available","3 out of 5 stars","+5"
"377",14,"Nick Folk",ATL,"K22","11","Coach Upside rating–No rating available","Coach Bust rating–No rating available","0 out of 5 stars","-110"
"378",14,"Tennessee Titans",TEN,"DST26","9","Coach Upside rating–No rating available","Coach Bust rating–No rating available","2 out of 5 stars","-95"
"379",14,"Jaylin Lane",WAS,"WR132","7","Coach Upside rating–No rating available","Coach Bust rating–No rating available","2 out of 5 stars","-"
"380",14,"Luke Musgrave",GB,"TE52","11","Coach Upside rating–No rating available","Coach Bust rating–No rating available","2 out of 5 stars","-34"
"381",14,"Trey Smack",GB,"K23","11","Coach Upside rating–No rating available","Coach Bust rating–No rating available","4 out of 5 stars","-70"
"382",14,"Kalif Raymond",CHI,"WR133","10","Coach Upside rating–No rating available","Coach Bust rating–No rating available","3 out of 5 stars","+32"
"383",14,"Phil Mafah",DAL,"RB108","14","Coach Upside rating–No rating available","Coach Bust rating–No rating available","4 out of 5 stars","+208"
"384",14,"Kevin Coleman Jr.",MIA,"WR134","6","Coach Upside rating–No rating available","Coach Bust rating–No rating available","3 out of 5 stars","+57"
"385",14,"Austin Ekeler",FA,"RB109","-","Coach Upside rating–No rating available","Coach Bust rating–No rating available","-","-100"
"386",14,"Miami Dolphins",MIA,"DST27","6","Coach Upside rating–No rating available","Coach Bust rating–No rating available","3 out of 5 stars","-102"
"387",14,"John Bates",WAS,"TE53","7","Coach Upside rating–No rating available","Coach Bust rating–No rating available","1 out of 5 stars","-"
"388",14,"Blake Grupe",IND,"K24","13","Coach Upside rating–No rating available","Coach Bust rating–No rating available","4 out of 5 stars","-"
"389",14,"Washington Commanders",WAS,"DST28","7","Coach Upside rating–No rating available","Coach Bust rating–No rating available","2 out of 5 stars","-96"
"390",14,"Kyle Juszczyk",SF,"RB110","8","Coach Upside rating–No rating available","Coach Bust rating–No rating available","2 out of 5 stars","-"
"391",14,"Nick Westbrook-Ikhine",IND,"WR135","13","Coach Upside rating–No rating available","Coach Bust rating–No rating available","4 out of 5 stars","-"
"392",14,"Cincinnati Bengals",CIN,"DST29","6","Coach Upside rating–No rating available","Coach Bust rating–No rating available","4 out of 5 stars","-118"
"393",14,"Savion Williams",GB,"WR136","11","Coach Upside rating–No rating available","Coach Bust rating–No rating available","5 out of 5 stars","+11"
"394",14,"Ben Sinnott",WAS,"TE54","7","Coach Upside rating–No rating available","Coach Bust rating–No rating available","1 out of 5 stars","+98"
"395",14,"Ryan Fitzgerald",CAR,"K25","5","Coach Upside rating–No rating available","Coach Bust rating–No rating available","0 out of 5 stars","-64"
"396",14,"KaVontae Turpin",DAL,"WR137","14","Coach Upside rating–No rating available","Coach Bust rating–No rating available","2 out of 5 stars","-66"
"397",14,"Tommy Tremble",CAR,"TE55","5","Coach Upside rating–No rating available","Coach Bust rating–No rating available","2 out of 5 stars","-27"
"398",14,"Dameon Pierce",PHI,"RB111","10","Coach Upside rating–No rating available","Coach Bust rating–No rating available","4 out of 5 stars","-"
"399",14,"Jordan Whittington",LAR,"WR138","11","Coach Upside rating–No rating available","Coach Bust rating–No rating available","1 out of 5 stars","-57"
"400",14,"Ben Sauls",NYG,"K26","8","Coach Upside rating–No rating available","Coach Bust rating–No rating available","2 out of 5 stars","-61"
"401",14,"Devontez Walker",BAL,"WR139","13","Coach Upside rating–No rating available","Coach Bust rating–No rating available","4 out of 5 stars","-92"
"402",14,"Chad Ryland",ARI,"K27","14","Coach Upside rating–No rating available","Coach Bust rating–No rating available","2 out of 5 stars","-57"
"403",14,"Spencer Shrader",IND,"K28","13","Coach Upside rating–No rating available","Coach Bust rating–No rating available","4 out of 5 stars","-137"
"404",14,"Antonio Gibson",FA,"RB112","-","Coach Upside rating–No rating available","Coach Bust rating–No rating available","-","-"
"405",14,"Jam Miller",NE,"RB113","11","Coach Upside rating–No rating available","Coach Bust rating–No rating available","2 out of 5 stars","-"
"406",14,"Joe Flacco",CIN,"QB42","6","Coach Upside rating–No rating available","Coach Bust rating–No rating available","3 out of 5 stars","+32"
"407",14,"Deion Burks",IND,"WR140","13","Coach Upside rating–No rating available","Coach Bust rating–No rating available","4 out of 5 stars","-"
"408",14,"Marcus Mariota",WAS,"QB43","7","Coach Upside rating–No rating available","Coach Bust rating–No rating available","2 out of 5 stars","-"
"409",14,"Joe Milton III",DAL,"QB44","14","Coach Upside rating–No rating available","Coach Bust rating–No rating available","2 out of 5 stars","-48"
"410",14,"Daniel Carlson",LV,"K29","13","Coach Upside rating–No rating available","Coach Bust rating–No rating available","1 out of 5 stars","-"
"411",14,"Dyami Brown",WAS,"WR141","7","Coach Upside rating–No rating available","Coach Bust rating–No rating available","2 out of 5 stars","-"
"412",14,"Darren Waller",FA,"TE56","-","Coach Upside rating–No rating available","Coach Bust rating–No rating available","-","-"
"413",14,"Joey Slye",TEN,"K30","9","Coach Upside rating–No rating available","Coach Bust rating–No rating available","4 out of 5 stars","+125"
"414",14,"Brandon McManus",FA,"K31","-","Coach Upside rating–No rating available","Coach Bust rating–No rating available","-","-"
"415",14,"Jameis Winston",NYG,"QB45","8","Coach Upside rating–No rating available","Coach Bust rating–No rating available","4 out of 5 stars","-4"
"416",14,"Austin Hooper",ATL,"TE57","11","Coach Upside rating–No rating available","Coach Bust rating–No rating available","3 out of 5 stars","-"
"417",14,"Jake Moody",WAS,"K32","7","Coach Upside rating–No rating available","Coach Bust rating–No rating available","5 out of 5 stars","-90"
"418",14,"Terrell Jennings",NE,"RB114","11","Coach Upside rating–No rating available","Coach Bust rating–No rating available","2 out of 5 stars","+169"
"419",14,"Sione Vaki",DET,"RB115","6","Coach Upside rating–No rating available","Coach Bust rating–No rating available","5 out of 5 stars","+58"
"420",14,"Roschon Johnson",CHI,"RB116","10","Coach Upside rating–No rating available","Coach Bust rating–No rating available","2 out of 5 stars","+14"
"421",14,"Zavion Thomas",CHI,"WR142","10","Coach Upside rating–No rating available","Coach Bust rating–No rating available","3 out of 5 stars","-70"
"422",14,"Mitchell Evans",CAR,"TE58","5","Coach Upside rating–No rating available","Coach Bust rating–No rating available","2 out of 5 stars","+68"
"423",14,"Ashton Dulin",IND,"WR143","13","Coach Upside rating–No rating available","Coach Bust rating–No rating available","4 out of 5 stars","+116"
"424",14,"Zach Ertz",FA,"TE59","-","Coach Upside rating–No rating available","Coach Bust rating–No rating available","-","-"
"425",14,"Rasheen Ali",BAL,"RB117","13","Coach Upside rating–No rating available","Coach Bust rating–No rating available","3 out of 5 stars","-"
"426",14,"Miles Sanders",FA,"RB118","-","Coach Upside rating–No rating available","Coach Bust rating–No rating available","-","-"
"427",14,"Jeremy McNichols",WAS,"RB119","7","Coach Upside rating–No rating available","Coach Bust rating–No rating available","4 out of 5 stars","-"
"428",14,"Tyler Lockett",LV,"WR144","13","Coach Upside rating–No rating available","Coach Bust rating–No rating available","2 out of 5 stars","-"
"429",14,"Jonnu Smith",FA,"TE60","-","Coach Upside rating–No rating available","Coach Bust rating–No rating available","-","-"
"430",15,"Colbie Young",CIN,"WR145","6","Coach Upside rating–No rating available","Coach Bust rating–No rating available","4 out of 5 stars","-38"
"431",15,"Daniel Bellinger",TEN,"TE61","9","Coach Upside rating–No rating available","Coach Bust rating–No rating available","3 out of 5 stars","+60"
"432",15,"Jaydn Ott",KC,"RB120","5","Coach Upside rating–No rating available","Coach Bust rating–No rating available","3 out of 5 stars","-"
"433",15,"Elijah Mitchell",PHI,"RB121","10","Coach Upside rating–No rating available","Coach Bust rating–No rating available","4 out of 5 stars","-"
"434",15,"Mitch Tinsley",CIN,"WR146","6","Coach Upside rating–No rating available","Coach Bust rating–No rating available","4 out of 5 stars","+27"
"435",15,"Elijah Higgins",ARI,"TE62","14","Coach Upside rating–No rating available","Coach Bust rating–No rating available","2 out of 5 stars","+101"
"436",15,"Ty Chandler",NO,"RB122","8","Coach Upside rating–No rating available","Coach Bust rating–No rating available","3 out of 5 stars","+131"
"437",15,"Jahdae Walker",CHI,"WR147","10","Coach Upside rating–No rating available","Coach Bust rating–No rating available","3 out of 5 stars","-69"
"438",15,"Zavier Scott",MIN,"RB123","6","Coach Upside rating–No rating available","Coach Bust rating–No rating available","4 out of 5 stars","+82"
"439",15,"Jaret Patterson",LAC,"RB124","7","Coach Upside rating–No rating available","Coach Bust rating–No rating available","3 out of 5 stars","-"
"440",15,"Charlie Kolar",LAC,"TE63","7","Coach Upside rating–No rating available","Coach Bust rating–No rating available","4 out of 5 stars","+101"
"441",15,"Hunter Luepke",DAL,"RB125","14","Coach Upside rating–No rating available","Coach Bust rating–No rating available","4 out of 5 stars","+52"
"442",15,"Cash Jones",ATL,"RB126","11","Coach Upside rating–No rating available","Coach Bust rating–No rating available","2 out of 5 stars","-"
"443",15,"Greg Dortch",DET,"WR148","6","Coach Upside rating–No rating available","Coach Bust rating–No rating available","4 out of 5 stars","-20"
"444",15,"Dylan Laube",LV,"RB127","13","Coach Upside rating–No rating available","Coach Bust rating–No rating available","2 out of 5 stars","-"
"445",15,"Tommy Myers",FA,"TE64","-","Coach Upside rating–No rating available","Coach Bust rating–No rating available","-","-"
"446",15,"Xavier Restrepo",TEN,"WR149","9","Coach Upside rating–No rating available","Coach Bust rating–No rating available","3 out of 5 stars","-"
"447",15,"Marlin Klein",HOU,"TE65","8","Coach Upside rating–No rating available","Coach Bust rating–No rating available","4 out of 5 stars","-"
"448",15,"Mo Alie-Cox",IND,"TE66","13","Coach Upside rating–No rating available","Coach Bust rating–No rating available","3 out of 5 stars","-"
"449",15,"Tyler Goodson",ATL,"RB128","11","Coach Upside rating–No rating available","Coach Bust rating–No rating available","2 out of 5 stars","-"
"450",15,"CJ Daniels",LAR,"WR150","11","Coach Upside rating–No rating available","Coach Bust rating–No rating available","1 out of 5 stars","-57"
"451",15,"Drew Sample",CIN,"TE67","6","Coach Upside rating–No rating available","Coach Bust rating–No rating available","3 out of 5 stars","-"
"452",15,"Malik Benson",LV,"WR151","13","Coach Upside rating–No rating available","Coach Bust rating–No rating available","2 out of 5 stars","+42"
"453",15,"Josh Oliver",MIN,"TE68","6","Coach Upside rating–No rating available","Coach Bust rating–No rating available","4 out of 5 stars","-81"
"454",15,"Kevin Austin Jr.",NO,"WR152","8","Coach Upside rating–No rating available","Coach Bust rating–No rating available","3 out of 5 stars","-"
"455",15,"Jakobie Keeney-James",FA,"WR153","-","Coach Upside rating–No rating available","Coach Bust rating–No rating available","-","-9"
"456",15,"Theo Wease Jr.",MIA,"WR154","6","Coach Upside rating–No rating available","Coach Bust rating–No rating available","3 out of 5 stars","-"
"457",15,"Derius Davis",LAC,"WR155","7","Coach Upside rating–No rating available","Coach Bust rating–No rating available","2 out of 5 stars","-"
"458",15,"DeAndre Hopkins",BAL,"WR156","13","Coach Upside rating–No rating available","Coach Bust rating–No rating available","4 out of 5 stars","-"
"459",15,"Jacob Saylors",DET,"RB129","6","Coach Upside rating–No rating available","Coach Bust rating–No rating available","5 out of 5 stars","+76"
"460",15,"Ronnie Rivers",LAR,"RB130","11","Coach Upside rating–No rating available","Coach Bust rating–No rating available","5 out of 5 stars","+15"
"461",15,"Jake Bobo",SEA,"WR157","11","Coach Upside rating–No rating available","Coach Bust rating–No rating available","3 out of 5 stars","-62"
"462",15,"Scotty Miller",CHI,"WR158","10","Coach Upside rating–No rating available","Coach Bust rating–No rating available","3 out of 5 stars","+97"
"463",15,"Alexander Mattison",FA,"RB131","-","Coach Upside rating–No rating available","Coach Bust rating–No rating available","-","-"
"464",15,"Cade Klubnik",NYJ,"QB46","13","Coach Upside rating–No rating available","Coach Bust rating–No rating available","4 out of 5 stars","-107"
"465",15,"New York Jets",NYJ,"DST30","13","Coach Upside rating–No rating available","Coach Bust rating–No rating available","4 out of 5 stars","-157"
"466",15,"Las Vegas Raiders",LV,"DST31","13","Coach Upside rating–No rating available","Coach Bust rating–No rating available","4 out of 5 stars","-189"
"467",15,"Elijah Tau-Tolliver",BAL,"RB132","13","Coach Upside rating–No rating available","Coach Bust rating–No rating available","3 out of 5 stars","-"
"468",15,"Taysom Hill",FA,"TE69","-","Coach Upside rating–No rating available","Coach Bust rating–No rating available","-","-"
"469",15,"Damien Martinez",GB,"RB133","11","Coach Upside rating–No rating available","Coach Bust rating–No rating available","4 out of 5 stars","+125"
"470",15,"Michael Trigg",DAL,"TE70","14","Coach Upside rating–No rating available","Coach Bust rating–No rating available","2 out of 5 stars","-136"
"471",15,"Myles Montgomery",NE,"RB134","11","Coach Upside rating–No rating available","Coach Bust rating–No rating available","2 out of 5 stars","-"
"472",15,"Donovan Edwards",MIA,"RB135","6","Coach Upside rating–No rating available","Coach Bust rating–No rating available","3 out of 5 stars","-"
"473",15,"Roman Hemby",LV,"RB136","13","Coach Upside rating–No rating available","Coach Bust rating–No rating available","2 out of 5 stars","-"
"474",15,"Frank Gore Jr.",BUF,"RB137","7","Coach Upside rating–No rating available","Coach Bust rating–No rating available","2 out of 5 stars","-73"
"475",15,"Adam Trautman",DEN,"TE71","10","Coach Upside rating–No rating available","Coach Bust rating–No rating available","4 out of 5 stars","-56"
"476",15,"Khalil Herbert",SF,"RB138","8","Coach Upside rating–No rating available","Coach Bust rating–No rating available","2 out of 5 stars","-"
"477",15,"Jordan Waters",LAR,"RB139","11","Coach Upside rating–No rating available","Coach Bust rating–No rating available","5 out of 5 stars","-"
"478",15,"Xavier Smith",LAR,"WR159","11","Coach Upside rating–No rating available","Coach Bust rating–No rating available","1 out of 5 stars","-53"
"479",15,"Odell Beckham Jr.",NYG,"WR160","8","Coach Upside rating–No rating available","Coach Bust rating–No rating available","4 out of 5 stars","-169"
"480",15,"Luke Schoonmaker",DAL,"TE72","14","Coach Upside rating–No rating available","Coach Bust rating–No rating available","2 out of 5 stars","-128"
"481",15,"Michael Woods II",DEN,"WR161","10","Coach Upside rating–No rating available","Coach Bust rating–No rating available","2 out of 5 stars","-"
"482",15,"Kendric Pryor",CIN,"WR162","6","Coach Upside rating–No rating available","Coach Bust rating–No rating available","4 out of 5 stars","-"
"483",15,"Robert Henry Jr.",WAS,"RB140","7","Coach Upside rating–No rating available","Coach Bust rating–No rating available","4 out of 5 stars","-"
"484",15,"Will Dissly",FA,"TE73","-","Coach Upside rating–No rating available","Coach Bust rating–No rating available","-","-"
"485",15,"Raheem Mostert",LV,"RB141","13","Coach Upside rating–No rating available","Coach Bust rating–No rating available","2 out of 5 stars","-"
"486",15,"Jake Browning",TB,"QB47","10","Coach Upside rating–No rating available","Coach Bust rating–No rating available","2 out of 5 stars","-38"
"487",15,"Sam Roush",CHI,"TE74","10","Coach Upside rating–No rating available","Coach Bust rating–No rating available","2 out of 5 stars","-60"
"488",15,"Demarcus Robinson",SF,"WR163","8","Coach Upside rating–No rating available","Coach Bust rating–No rating available","2 out of 5 stars","-"
"489",15,"Reggie Gilliam",NE,"RB142","11","Coach Upside rating–No rating available","Coach Bust rating–No rating available","2 out of 5 stars","-61"
"490",15,"Elijah Moore",PHI,"WR164","10","Coach Upside rating–No rating available","Coach Bust rating–No rating available","4 out of 5 stars","+74"
"491",15,"Gardner Minshew II",ARI,"QB48","14","Coach Upside rating–No rating available","Coach Bust rating–No rating available","2 out of 5 stars","-22"
"492",15,"Riley Leonard",IND,"QB49","13","Coach Upside rating–No rating available","Coach Bust rating–No rating available","4 out of 5 stars","-41"
"493",15,"Cade Stover",HOU,"TE75","8","Coach Upside rating–No rating available","Coach Bust rating–No rating available","4 out of 5 stars","-"
"494",15,"Jeshaun Jones",MIN,"WR165","6","Coach Upside rating–No rating available","Coach Bust rating–No rating available","5 out of 5 stars","+63"
"495",15,"Reggie Virgil",ARI,"WR166","14","Coach Upside rating–No rating available","Coach Bust rating–No rating available","2 out of 5 stars","+5"
"496",15,"David Sills V",TB,"WR167","10","Coach Upside rating–No rating available","Coach Bust rating–No rating available","4 out of 5 stars","-"
"497",15,"Marquez Valdes-Scantling",DAL,"WR168","14","Coach Upside rating–No rating available","Coach Bust rating–No rating available","2 out of 5 stars","+64"
"498",15,"Tanner Hudson",CIN,"TE76","6","Coach Upside rating–No rating available","Coach Bust rating–No rating available","3 out of 5 stars","-"
"499",15,"Van Jefferson",WAS,"WR169","7","Coach Upside rating–No rating available","Coach Bust rating–No rating available","2 out of 5 stars","-"
"500",15,"Jacardia Wright",SEA,"RB143","11","Coach Upside rating–No rating available","Coach Bust rating–No rating available","4 out of 5 stars","-"
"501",15,"Cam Akers",FA,"RB144","-","Coach Upside rating–No rating available","Coach Bust rating–No rating available","-","-"
"502",15,"Thomas Fidone II",NYG,"TE77","8","Coach Upside rating–No rating available","Coach Bust rating–No rating available","3 out of 5 stars","+90"
"503",15,"Durham Smythe",BAL,"TE78","13","Coach Upside rating–No rating available","Coach Bust rating–No rating available","4 out of 5 stars","-"
"504",15,"Roman Wilson",PIT,"WR170","9","Coach Upside rating–No rating available","Coach Bust rating–No rating available","3 out of 5 stars","-104"
"505",16,"Jordan Watkins",SF,"WR171","8","Coach Upside rating–No rating available","Coach Bust rating–No rating available","2 out of 5 stars","+85"
"506",16,"Nate Boerkircher",JAC,"TE79","7","Coach Upside rating–No rating available","Coach Bust rating–No rating available","3 out of 5 stars","-44"
"507",16,"Jared Wiley",KC,"TE80","5","Coach Upside rating–No rating available","Coach Bust rating–No rating available","4 out of 5 stars","+73"
"508",16,"Brock Wright",DET,"TE81","6","Coach Upside rating–No rating available","Coach Bust rating–No rating available","3 out of 5 stars","-152"
"509",16,"Jason Sanders",NYJ,"K33","13","Coach Upside rating–No rating available","Coach Bust rating–No rating available","2 out of 5 stars","-177"
"510",16,"Quinn Ewers",MIA,"QB50","6","Coach Upside rating–No rating available","Coach Bust rating–No rating available","3 out of 5 stars","-150"
"511",16,"Jimmy Horn Jr.",CAR,"WR172","5","Coach Upside rating–No rating available","Coach Bust rating–No rating available","2 out of 5 stars","-51"
"512",16,"Tyler Conklin",DET,"TE82","6","Coach Upside rating–No rating available","Coach Bust rating–No rating available","3 out of 5 stars","-"
"513",16,"Jermaine Burton",FA,"WR173","-","Coach Upside rating–No rating available","Coach Bust rating–No rating available","-","-"
"514",16,"Moliki Matavao",NO,"TE83","8","Coach Upside rating–No rating available","Coach Bust rating–No rating available","2 out of 5 stars","-"
"515",16,"Skyy Moore",GB,"WR174","11","Coach Upside rating–No rating available","Coach Bust rating–No rating available","5 out of 5 stars","-45"
"516",16,"Tai Felton",MIN,"WR175","6","Coach Upside rating–No rating available","Coach Bust rating–No rating available","5 out of 5 stars","-142"
"517",16,"Jacob Cowing",SF,"WR176","8","Coach Upside rating–No rating available","Coach Bust rating–No rating available","2 out of 5 stars","-"